id,name,primaryFieldId,fields.0.type,fields.0.id,fields.0.name,fields.1.type,fields.1.id,fields.1.name,fields.2.type,fields.2.id,fields.2.name,fields.3.type,fields.3.id,fields.3.name,fields.4.type,fields.4.options.choices.0.id,fields.4.options.choices.0.name,fields.4.options.choices.0.color,fields.4.options.choices.1.id,fields.4.options.choices.1.name,fields.4.options.choices.1.color,fields.4.options.choices.2.id,fields.4.options.choices.2.name,fields.4.options.choices.2.color,fields.4.options.choices.3.id,fields.4.options.choices.3.name,fields.4.options.choices.3.color,fields.4.id,fields.4.name,fields.5.type,fields.5.options.choices.0.id,fields.5.options.choices.0.name,fields.5.options.choices.0.color,fields.5.options.choices.1.id,fields.5.options.choices.1.name,fields.5.options.choices.1.color,fields.5.options.choices.2.id,fields.5.options.choices.2.name,fields.5.options.choices.2.color,fields.5.options.choices.3.id,fields.5.options.choices.3.name,fields.5.options.choices.3.color,fields.5.id,fields.5.name,fields.6.type,fields.6.options.choices.0.id,fields.6.options.choices.0.name,fields.6.options.choices.0.color,fields.6.options.choices.1.id,fields.6.options.choices.1.name,fields.6.options.choices.1.color,fields.6.options.choices.2.id,fields.6.options.choices.2.name,fields.6.options.choices.2.color,fields.6.options.choices.3.id,fields.6.options.choices.3.name,fields.6.options.choices.3.color,fields.6.options.choices.4.id,fields.6.options.choices.4.name,fields.6.options.choices.4.color,fields.6.options.choices.5.id,fields.6.options.choices.5.name,fields.6.options.choices.5.color,fields.6.options.choices.6.id,fields.6.options.choices.6.name,fields.6.options.choices.6.color,fields.6.options.choices.7.id,fields.6.options.choices.7.name,fields.6.options.choices.7.color,fields.6.options.choices.8.id,fields.6.options.choices.8.name,fields.6.options.choices.8.color,fields.6.id,fields.6.name,fields.7.type,fields.7.options.choices.0.id,fields.7.options.choices.0.name,fields.7.options.choices.0.color,fields.7.options.choices.1.id,fields.7.options.choices.1.name,fields.7.options.choices.1.color,fields.7.options.choices.2.id,fields.7.options.choices.2.name,fields.7.options.choices.2.color,fields.7.id,fields.7.name,fields.8.type,fields.8.options.icon,fields.8.options.color,fields.8.id,fields.8.name,fields.9.type,fields.9.options.choices.0.id,fields.9.options.choices.0.name,fields.9.options.choices.0.color,fields.9.options.choices.1.id,fields.9.options.choices.1.name,fields.9.options.choices.1.color,fields.9.options.choices.2.id,fields.9.options.choices.2.name,fields.9.options.choices.2.color,fields.9.options.choices.3.id,fields.9.options.choices.3.name,fields.9.options.choices.3.color,fields.9.options.choices.4.id,fields.9.options.choices.4.name,fields.9.options.choices.4.color,fields.9.options.choices.5.id,fields.9.options.choices.5.name,fields.9.options.choices.5.color,fields.9.options.choices.6.id,fields.9.options.choices.6.name,fields.9.options.choices.6.color,fields.9.id,fields.9.name,fields.10.type,fields.10.id,fields.10.name,fields.11.type,fields.11.options.dateFormat.name,fields.11.options.dateFormat.format,fields.11.id,fields.11.name,fields.12.type,fields.12.id,fields.12.name,fields.13.type,fields.13.options.dateFormat.name,fields.13.options.dateFormat.format,fields.13.id,fields.13.name,fields.14.type,fields.14.options.choices.0.id,fields.14.options.choices.0.name,fields.14.options.choices.0.color,fields.14.options.choices.1.id,fields.14.options.choices.1.name,fields.14.options.choices.1.color,fields.14.options.choices.2.id,fields.14.options.choices.2.name,fields.14.options.choices.2.color,fields.14.options.choices.3.id,fields.14.options.choices.3.name,fields.14.options.choices.3.color,fields.14.id,fields.14.name,fields.15.type,fields.15.options.precision,fields.15.id,fields.15.name,fields.16.type,fields.16.options.precision,fields.16.options.symbol,fields.16.id,fields.16.name,fields.17.type,fields.17.options.precision,fields.17.options.symbol,fields.17.id,fields.17.name,fields.18.type,fields.18.options.precision,fields.18.options.symbol,fields.18.id,fields.18.name,fields.19.type,fields.19.options.precision,fields.19.id,fields.19.name,fields.20.type,fields.20.options.precision,fields.20.id,fields.20.name,fields.21.type,fields.21.options.precision,fields.21.id,fields.21.name,fields.22.type,fields.22.options.precision,fields.22.id,fields.22.name,fields.23.type,fields.23.id,fields.23.name,fields.24.type,fields.24.id,fields.24.name,fields.25.type,fields.25.id,fields.25.name,fields.26.type,fields.26.id,fields.26.name,fields.27.type,fields.27.id,fields.27.name,fields.28.type,fields.28.id,fields.28.name,fields.29.type,fields.29.id,fields.29.name,fields.30.type,fields.30.id,fields.30.name,fields.31.type,fields.31.id,fields.31.name,fields.32.type,fields.32.id,fields.32.name,fields.33.type,fields.33.id,fields.33.name,fields.34.type,fields.34.id,fields.34.name,fields.35.type,fields.35.id,fields.35.name,fields.36.type,fields.36.options.dateFormat.name,fields.36.options.dateFormat.format,fields.36.id,fields.36.name,fields.37.type,fields.37.options.dateFormat.name,fields.37.options.dateFormat.format,fields.37.id,fields.37.name,fields.38.type,fields.38.options.choices.0.id,fields.38.options.choices.0.name,fields.38.options.choices.0.color,fields.38.options.choices.1.id,fields.38.options.choices.1.name,fields.38.options.choices.1.color,fields.38.options.choices.2.id,fields.38.options.choices.2.name,fields.38.options.choices.2.color,fields.38.id,fields.38.name,fields.39.type,fields.39.options.choices.0.id,fields.39.options.choices.0.name,fields.39.options.choices.0.color,fields.39.options.choices.1.id,fields.39.options.choices.1.name,fields.39.options.choices.1.color,fields.39.id,fields.39.name,fields.40.type,fields.40.options.icon,fields.40.options.color,fields.40.id,fields.40.name,fields.41.type,fields.41.options.isValid,fields.41.options.formula,fields.41.options.result.type,fields.41.id,fields.41.name,fields.42.type,fields.42.options.linkedTableId,fields.42.options.isReversed,fields.42.options.prefersSingleRecordLink,fields.42.options.inverseLinkFieldId,fields.42.id,fields.42.name,fields.43.type,fields.43.options.linkedTableId,fields.43.options.isReversed,fields.43.options.prefersSingleRecordLink,fields.43.options.inverseLinkFieldId,fields.43.id,fields.43.name,fields.44.type,fields.44.options.linkedTableId,fields.44.options.isReversed,fields.44.options.prefersSingleRecordLink,fields.44.options.inverseLinkFieldId,fields.44.id,fields.44.name,fields.45.type,fields.45.options.linkedTableId,fields.45.options.isReversed,fields.45.options.prefersSingleRecordLink,fields.45.options.inverseLinkFieldId,fields.45.id,fields.45.name,fields.46.type,fields.46.options.linkedTableId,fields.46.options.isReversed,fields.46.options.prefersSingleRecordLink,fields.46.options.inverseLinkFieldId,fields.46.id,fields.46.name,fields.47.type,fields.47.options.linkedTableId,fields.47.options.isReversed,fields.47.options.prefersSingleRecordLink,fields.47.options.inverseLinkFieldId,fields.47.id,fields.47.name,fields.48.type,fields.48.options.linkedTableId,fields.48.options.isReversed,fields.48.options.prefersSingleRecordLink,fields.48.options.inverseLinkFieldId,fields.48.id,fields.48.name,fields.49.type,fields.49.options.linkedTableId,fields.49.options.isReversed,fields.49.options.prefersSingleRecordLink,fields.49.options.inverseLinkFieldId,fields.49.id,fields.49.name,fields.50.type,fields.50.options.linkedTableId,fields.50.options.isReversed,fields.50.options.prefersSingleRecordLink,fields.50.options.inverseLinkFieldId,fields.50.id,fields.50.name,fields.51.type,fields.51.options.linkedTableId,fields.51.options.isReversed,fields.51.options.prefersSingleRecordLink,fields.51.options.inverseLinkFieldId,fields.51.id,fields.51.name,fields.52.type,fields.52.id,fields.52.name,views.0.id,views.0.name,views.0.type,views.1.id,views.1.name,views.1.type,views.2.id,views.2.name,views.2.type,views.3.id,views.3.name,views.3.type,views.4.id,views.4.name,views.4.type,views.5.id,views.5.name,views.5.type,views.6.id,views.6.name,views.6.type,views.7.id,views.7.name,views.7.type,fields.0.options.isValid,fields.0.options.formula,fields.0.options.referencedFieldIds.0,fields.0.options.referencedFieldIds.1,fields.0.options.result.type,fields.1.options.linkedTableId,fields.1.options.isReversed,fields.1.options.prefersSingleRecordLink,fields.1.options.inverseLinkFieldId,fields.2.options.linkedTableId,fields.2.options.isReversed,fields.2.options.prefersSingleRecordLink,fields.2.options.inverseLinkFieldId,fields.15.options.linkedTableId,fields.15.options.isReversed,fields.15.options.prefersSingleRecordLink,fields.15.options.inverseLinkFieldId,fields.17.options.linkedTableId,fields.17.options.isReversed,fields.17.options.prefersSingleRecordLink,fields.17.options.inverseLinkFieldId,fields.9.options.linkedTableId,fields.9.options.isReversed,fields.9.options.prefersSingleRecordLink,fields.9.options.inverseLinkFieldId,fields.4.options.choices.4.id,fields.4.options.choices.4.name,fields.4.options.choices.4.color,fields.4.options.choices.5.id,fields.4.options.choices.5.name,fields.4.options.choices.5.color,fields.5.options.icon,fields.5.options.color,fields.7.options.linkedTableId,fields.7.options.isReversed,fields.7.options.prefersSingleRecordLink,fields.7.options.inverseLinkFieldId,fields.1.options.choices.0.id,fields.1.options.choices.0.name,fields.1.options.choices.0.color,fields.1.options.choices.1.id,fields.1.options.choices.1.name,fields.1.options.choices.1.color,fields.1.options.choices.2.id,fields.1.options.choices.2.name,fields.1.options.choices.2.color,fields.1.options.choices.3.id,fields.1.options.choices.3.name,fields.1.options.choices.3.color,fields.1.options.choices.4.id,fields.1.options.choices.4.name,fields.1.options.choices.4.color,fields.2.options.precision,fields.2.options.symbol,fields.3.options.precision,fields.6.options.linkedTableId,fields.6.options.isReversed,fields.6.options.prefersSingleRecordLink,fields.6.options.inverseLinkFieldId,fields.1.options.precision,fields.1.options.symbol,fields.3.options.linkedTableId,fields.3.options.isReversed,fields.3.options.prefersSingleRecordLink,fields.3.options.inverseLinkFieldId,fields.3.options.symbol,fields.5.options.linkedTableId,fields.5.options.isReversed,fields.5.options.prefersSingleRecordLink,fields.5.options.inverseLinkFieldId,fields.4.options.precision,fields.4.options.symbol,fields.3.options.choices.0.id,fields.3.options.choices.0.name,fields.3.options.choices.1.id,fields.3.options.choices.1.name,fields.3.options.choices.2.id,fields.3.options.choices.2.name,fields.3.options.choices.3.id,fields.3.options.choices.3.name,fields.8.options.dateFormat.name,fields.8.options.dateFormat.format,fields.9.options.dateFormat.name,fields.9.options.dateFormat.format,fields.11.options.choices.0.id,fields.11.options.choices.0.name,fields.11.options.choices.1.id,fields.11.options.choices.1.name,fields.12.options.icon,fields.12.options.color,fields.13.options.precision,fields.15.options.choices.0.id,fields.15.options.choices.0.name,fields.15.options.choices.1.id,fields.15.options.choices.1.name,fields.16.options.dateFormat.name,fields.16.options.dateFormat.format,fields.17.options.result.type,fields.17.options.result.options.dateFormat.name,fields.17.options.result.options.dateFormat.format,fields.17.options.result.options.timeFormat.name,fields.17.options.result.options.timeFormat.format,fields.17.options.result.options.timeZone,fields.18.options.isValid,fields.18.options.result.type,fields.18.options.result.options.dateFormat.name,fields.18.options.result.options.dateFormat.format,fields.18.options.result.options.timeFormat.name,fields.18.options.result.options.timeFormat.format,fields.18.options.result.options.timeZone,fields.19.options.dateFormat.name,fields.19.options.dateFormat.format,fields.19.options.timeFormat.name,fields.19.options.timeFormat.format,fields.19.options.timeZone,fields.20.options.isReversed,fields.21.options.linkedTableId,fields.21.options.isReversed,fields.21.options.prefersSingleRecordLink,fields.21.options.inverseLinkFieldId,fields.22.options.linkedTableId,fields.22.options.isReversed,fields.22.options.prefersSingleRecordLink,fields.22.options.inverseLinkFieldId,fields.4.options.choices.6.id,fields.4.options.choices.6.name,fields.4.options.choices.6.color,fields.5.options.dateFormat.name,fields.5.options.dateFormat.format,fields.6.options.dateFormat.name,fields.6.options.dateFormat.format,fields.0.options.referencedFieldIds.2,fields.4.options.icon,fields.4.options.color,fields.7.options.isValid,fields.7.options.formula,fields.7.options.referencedFieldIds.0,fields.7.options.referencedFieldIds.1,fields.7.options.result.type,fields.7.options.result.options.precision,fields.10.options.isValid,fields.10.options.formula,fields.10.options.referencedFieldIds.0,fields.10.options.referencedFieldIds.1,fields.10.options.result.type,fields.14.options.linkedTableId,fields.14.options.isReversed,fields.14.options.prefersSingleRecordLink,fields.14.options.inverseLinkFieldId
tblPEGS3d1QsE0KY1,Companies,fldgddNMEx5h9t38q,singleLineText,fldgddNMEx5h9t38q,Company,phoneNumber,fldYSIKArJYC8CB6Q,Phone,url,fldyfuMrUL5gBkqYz,Website,email,fldsoC5JMWYWSVcRv,Email,multipleSelects,seljk1eny03qk2t8U,Retail,blueLight2,sel1izdyE1EIgx6AV,MOTO,cyanLight2,selBvolopGVp1Y6Fy,Ecommerce,tealLight2,sel8UKiy4HmBRKlxE,Restaurant,orangeLight2,fldDb2igRb4fYjsXw,Account Type,singleSelect,selYegzPjXlQutLxR,Active,greenLight2,selAtoDEcCwQQu84s,Active - Seasonal Hold,greenLight2,selQQ1VAM81e4fcPc,Request to Close,orangeLight2,selZ5hveGpGEV82Tt,Closed,redLight2,fldJ2McgKTwx3di6a,Account Status,singleSelect,sel3QfWsMhxfW949b,Jackie Inscore,blueLight2,selS1fshl0kb4LgV2,Milburn Morris,cyanLight2,sel6RsZmIcetLUrsW,Ricky Pearce,tealLight2,sellz7ItHTzfbPxjw,Steve Underwood,greenLight2,selVjhBAhz98p8wRQ,Brett Wilson,yellowLight2,selGaM6vF3tGZ0m2H,John Lee,orangeLight2,selsCpbv2qmWPCOz2,Ray O'Dwyer,redLight2,selUY3qhWiLoahPW8,Frank White,pinkLight2,selBVrvy9QCIvGJcc,Mike Ostler,purpleLight2,fldkvbYMjF4X7iFu2,Account Agent,singleSelect,sela7VGPi2mYaSldU,1341197,blueLight2,selR3hNzxHv30BVYe,Empower 1341205,cyanLight2,selHZXRWa46DmjoMi,Jackie 1444827,greenLight2,fldY6vu9V1Mr10Djv,Agent Number,checkbox,check,greenBright,fldbqzef321LpXB8q,Subaccount,singleSelect,selZrE6bvYGRQey6r,Clearent,blueLight2,selrjVwHixx7euyID,TSYS,cyanLight2,selc3NzBFPTpsd9sO,MiCamp FSP Fiserv,tealLight2,seldSS8cF19voeXqm,MiCamp FSP TSYS,greenLight2,sel13XqeeNS2AC6ur,MiCamp Retail North,yellowLight2,sel39Jd1SNgYOZMWL,First Data Omaha,orangeLight2,selyBq2iqXaf4S4Ue,First Data Buypass,redLight2,fldi6QjJWXZ5WssmQ,Processor,singleLineText,fldBK3qw2myLrNXDu,MID,date,iso,YYYY-MM-DD,fldj9ptOZs4t1qpdv,Boarded Date,singleLineText,fldWgUUzlgAE6QwHI,SIC Code,date,local,l,fldr1UAtJPkczPuJs,Last Contacted,singleSelect,selPpSshlttaBxP9J,IC+,blueLight2,selXYNgmaw93O66Me,Dual Pricing,cyanLight2,sel2yNbm2dNdL7p03,Surcharging,tealLight2,selz8lM9cULfJN2qj,Surcharge,blueLight2,fldkfMQ9BnDAEWRoo,Pricing Type,number,2,fldJQakEL659bMYAN,IC+ Rate,currency,2,$,fldgqePl4KoCllDuv,Transaction Rate,currency,2,$,fldTQeT4QcmWo6fyL,Statement Fee,currency,2,$,flda9qKzKNzhX6TdE,Monthly Fee,number,2,fldPNVSx2IJetj4xx,Surcharge,number,2,fldCkC7SEgCaw7I4G,Surcharge Debit Flat Rate,number,2,fldolYgN8XkU3BWn2,Dual Pricing,number,3,fldcN6EEPt0UEi7ly,Dual Pricing Rate Entry Value,singleLineText,fldr5kIDNJ00LakEK,Legal Name,singleLineText,fldtDV6zOByA70VqF,Legal Street,singleLineText,fldIlzHpBThQX2eYH,Legal City,singleLineText,fldj4uTsqscDyji9k,Legal State,singleLineText,fld0sv2qtjFk756VA,Legal Zip Code,singleLineText,fldnHJZvMOMwuMNlo,DBA Name,singleLineText,fldjHMYjoGkwpwYnc,DBA Street,singleLineText,fldYLAXPcfQK7y8Be,DBA City,singleLineText,fldEuK1TCUhcKSITC,DBA State,singleLineText,fldjscwCzI5nmUplh,DBA Zip Code,singleLineText,fldfYrbpB8PY7WZ6B,Referred By,multilineText,fldAQcrLKtLwTS0fB,Description,singleLineText,fldMvAjxMs7vW52WX,HQ Account,date,local,l,fld3cJEyQ057WwVsh,Closed Date,date,local,l,fldldGub2f60fQRVZ,Requested Closure Date,singleSelect,selshp4edZtkuxzVW,Closing business,blueLight2,selJylEJlGCgDOYbq,Went with another processor,cyanLight2,sel8F3C4OT78ktArv,Other,tealLight2,fldcOg3Thg0cgOTrQ,Cancellation Reason,singleSelect,selTbhEIm3VSgg1qK,No,blueLight2,selwG02joo6naeqQa,Yes,cyanLight2,fldTg1lIougiDB6jp,Cancellation Fee Applies,checkbox,check,greenBright,fldzaBXCA9xVKqw4j,Start Closing Account,formula,TRUE,RECORD_ID(),singleLineText,fldi7SzvxoR9QO0Ar,Record ID,multipleRecordLinks,tblR80p5dAGRBx68K,FALSE,FALSE,fldgHAbjybm0T8imT,fldMHDMokVaad49pE,Contact,multipleRecordLinks,tblvVqQhGPQCcSCuT,FALSE,FALSE,fldah31UwHQnMM4Mh,fldbABcvCnsLvR8cy,Equipment,multipleRecordLinks,tbll7N8X8F84LSoFR,FALSE,FALSE,fldB8dyCFi4O1ugwK,fld7IWh6u3MjkjLpx,ACH,multipleRecordLinks,tblGFwsZYcKHoW8yJ,FALSE,FALSE,fldlOpYCgO1zWaaa2,fldLIz7YFh4eGMJVT,CoCard Pay Center,multipleRecordLinks,tblcyqVcs7XnHyBwM,FALSE,FALSE,fldxMXwdJDxj47sxD,fldIg6vqcvSxdMdFc,Pin Debit,multipleRecordLinks,tblvNHF9z0b6Yr0NP,FALSE,FALSE,fld5Ka70PSclcChJB,fldKFb58WElO1Dnv8,EBT,multipleRecordLinks,tblFgFg7YoejZ5cK3,FALSE,FALSE,flddG6AdT6mSKaL6K,fldzK7xnbpGQsVC2j,VT_Gateway,multipleRecordLinks,tblMT4UO5B5bmuAQJ,FALSE,FALSE,fldvh3Hjh7NBPXvMl,fldEFeOWHK9aD65PS,SwipeSimple,multipleRecordLinks,tblxZJUvRDKgLywUq,FALSE,FALSE,fldnOGvAKjysqcvwt,fldrnYB7B08XOJOSn,Tickets,multipleRecordLinks,tblbfy2peOy17gYvx,FALSE,FALSE,fldnbXmhWFg5sebDU,fldZpsTwbWX9yFIL9,FM Seasons,singleLineText,fldW6wGnqC3pYpBTh,Ticket Tasks,viwxsNaxgKeIi1Qk6,Companies ALL,grid,viwnNAMe65krxX1DY,Companies Active,grid,viw9qJBqbwG4WaRvY,Companies with ACH,grid,viwoRTPtesKUdtGUi,Clearent,grid,viw1k7ajK72nhM08T,TSYS,grid,viw4jkQ6Qv2CcG6sO,CoCard Pay Center,grid,viwKjogM1nyRLAX8c,Subaccounts,grid,viwkmVXDFcnqcNkNi,Dual Pricing,grid,,,,,,,,,,,,,,,,,,,,,,,,,,,,,,,,,,,,,,,,,,,,,,,,,,,,,,,,,,,,,,,,,,,,,,,,,,,,,,,,,,,,,,,,,,,,,,,,,,,,,,,,,,,,,,,,,,,,,,,,,,,,,,,,,,,,,,,,,,,,,,,,,,,,,
tblR80p5dAGRBx68K,Contacts,fldXW2KwH9nKHFf7E,formula,fldXW2KwH9nKHFf7E,Full Name,multipleRecordLinks,fldgHAbjybm0T8imT,Company,multipleRecordLinks,fldTJhQ66LKEPrzpc,Vendor,singleLineText,fldiSzTyesKtAWPti,First Name,singleLineText,,,,,,,,,,,,,fldy2WLuwftEd2HOM,Last Name,email,,,,,,,,,,,,,fldNMGwxfHZaAA0zQ,Email,phoneNumber,,,,,,,,,,,,,,,,,,,,,,,,,,,,fldV1ZbiWfVcTn2nA,Phone,phoneNumber,,,,,,,,,,fldwicoOprLJ6wmPR,Cell,singleLineText,,,fldccBKLhHGNO9thT,Title,singleSelect,sel7VCtbtGDQFAR1b,Company,blueLight2,seliGHBdj5et6Cult,Vendor,cyanLight2,,,,,,,,,,,,,,,,fldxVvoJ1ve3Mx3pB,Contact For,singleLineText,fldF38KyDxR4UyUqc,Address,singleLineText,,,fld9VzkZSvLWJN2lv,City,singleLineText,fld9iFiTXAWShHdfL,State,singleLineText,,,fldFQquRWIVpnn795,Zip Code,multilineText,,,,,,,,,,,,,fldx4ymUeaflnZDJ1,Description,multipleRecordLinks,,fldvl7xN46YrgnO0D,Tickets,singleLineText,,,fldStbOaIKHPvjXWd,FM Seasons,multipleRecordLinks,,,fldRmZ1MUq9EYqxcN,FM Seasons 2,,,,,,,,,,,,,,,,,,,,,,,,,,,,,,,,,,,,,,,,,,,,,,,,,,,,,,,,,,,,,,,,,,,,,,,,,,,,,,,,,,,,,,,,,,,,,,,,,,,,,,,,,,,,,,,,,,,,,,,,,,,,,,,,,,,,,,,,,,,,,,,,,,,,,,,,,,,,,,,,,,,,,,,,,,,,,,,,viwfTFdKthjs8CZQp,Grid view,grid,,,,,,,,,,,,,,,,,,,,,,TRUE,"CONCATENATE({fldiSzTyesKtAWPti},' ',{fldy2WLuwftEd2HOM})
",fldiSzTyesKtAWPti,fldy2WLuwftEd2HOM,singleLineText,tblPEGS3d1QsE0KY1,FALSE,FALSE,fldMHDMokVaad49pE,tblMbMaXpdlUB7Bum,FALSE,FALSE,fldFTpSTETy0P0tQr,tblxZJUvRDKgLywUq,FALSE,FALSE,fldlsMsvHy7Ox0Ok6,tblbfy2peOy17gYvx,FALSE,FALSE,fldK1yFoKlQ9w5QKV,,,,,,,,,,,,,,,,,,,,,,,,,,,,,,,,,,,,,,,,,,,,,,,,,,,,,,,,,,,,,,,,,,,,,,,,,,,,,,,,,,,,,,,,,,,,,,,,,,,,,,,,,,,,,,,,,,,,,,,,,,,,,,,,
tblMbMaXpdlUB7Bum,Vendors,fldD7TpyflerzeJBL,singleLineText,fldD7TpyflerzeJBL,Vendor Name,phoneNumber,fldlD6jmBJnKjBWl3,Phone,email,fldAd7Jcj9HWFAcks,Email,url,fldi8rlOhilkRoO7D,Website,singleLineText,,,,,,,,,,,,,fldBR3d9YeXVO9Foe,Address,singleLineText,,,,,,,,,,,,,fldYP4nd9DKcwkQvA,City,singleLineText,,,,,,,,,,,,,,,,,,,,,,,,,,,,fldRdxAr839O01dkT,State,singleLineText,,,,,,,,,,fldpMH1WOQUTZbeRG,Zip Code,multilineText,,,fldPxFt0xzBFuEzo5,Description,multipleRecordLinks,,,,,,,,,,,,,,,,,,,,,,fldFTpSTETy0P0tQr,Contact,,,,,,,,,,,,,,,,,,,,,,,,,,,,,,,,,,,,,,,,,,,,,,,,,,,,,,,,,,,,,,,,,,,,,,,,,,,,,,,,,,,,,,,,,,,,,,,,,,,,,,,,,,,,,,,,,,,,,,,,,,,,,,,,,,,,,,,,,,,,,,,,,,,,,,,,,,,,,,,,,,,,,,,,,,,,,,,,,,,,,,,,,,,,,,,,,,,,,,,,,,,,,,,,,,,,,,,,,,,,,viwi23TR7DWpkDdSC,Grid view,grid,,,,,,,,,,,,,,,,,,,,,,,,,,,,,,,,,,,,,,,,,,,tblR80p5dAGRBx68K,FALSE,FALSE,fldTJhQ66LKEPrzpc,,,,,,,,,,,,,,,,,,,,,,,,,,,,,,,,,,,,,,,,,,,,,,,,,,,,,,,,,,,,,,,,,,,,,,,,,,,,,,,,,,,,,,,,,,,,,,,,,,,,,,,,,,,,,,,,,,,,,,,,,,,,
tblvVqQhGPQCcSCuT,Equipment,fldNyUjtVYClteKn8,formula,fldNyUjtVYClteKn8,Name,singleLineText,fld2WAAQCFI5RodPI,Terminal Mfg,singleLineText,fld5lrZMZXIFB0vTV,Terminal Model,singleLineText,fldoAmUddvYwdVKDR,Terminal S/N,singleSelect,selqfHUMnpxSZxCuR,Internet,cyanLight2,selEhVwLmdb7RldMF,WiFi,tealLight2,selSalQYlm9bL82Wg,Wireless/AT&T 4G,greenLight2,selsgp5JdzZp7jxai,Wireless/Verizon 4G,yellowLight2,fldGLR2MFicHw9uoA,Comm Type,checkbox,,,,,,,,,,,,,fld8cU6a8kCcHozjI,P2PE,singleLineText,,,,,,,,,,,,,,,,,,,,,,,,,,,,fldON9zHiyUtaThMY,Batch Close Time (CPT),multipleRecordLinks,,,,,,,,,,fldah31UwHQnMM4Mh,Company,,,,,,,,,,,,,,,,,,,,,,,,,,,,,,,,,,,,,,,,,,,,,,,,,,,,,,,,,,,,,,,,,,,,,,,,,,,,,,,,,,,,,,,,,,,,,,,,,,,,,,,,,,,,,,,,,,,,,,,,,,,,,,,,,,,,,,,,,,,,,,,,,,,,,,,,,,,,,,,,,,,,,,,,,,,,,,,,,,,,,,,,,,,,,,,,,,,,,,,,,,,,,,,,,,,,,,,,,,,,,,,,,,,,,,,,,,,,,,,,,,,,,,,,,,viw2wa0ZBPt5VpHLb,Grid view,grid,,,,,,,,,,,,,,,,,,,,,,TRUE,"CONCATENATE(SUBSTITUTE({fldah31UwHQnMM4Mh}, '""', ''), ' - Equipment')",fldah31UwHQnMM4Mh,,singleLineText,,,,,,,,,,,,,,,,,,,,,sel8zt1RpNKIHsKpl,Dial,blueLight2,seltstVLQQLzSjqOz,WTI,pinkLight2,check,greenBright,tblPEGS3d1QsE0KY1,FALSE,FALSE,fldbABcvCnsLvR8cy,,,,,,,,,,,,,,,,,,,,,,,,,,,,,,,,,,,,,,,,,,,,,,,,,,,,,,,,,,,,,,,,,,,,,,,,,,,,,,,,,,,,,,,,,,,,,,,,,,,,,,,,,,,,,,,,
tbll7N8X8F84LSoFR,ACH,fldd5xCgXo845XWlj,formula,fldd5xCgXo845XWlj,Name,singleSelect,fldWAwZORTtyVssSi,ACH Processor,currency,fldUvJhATa856LX51,ACH Transaction Rate,number,fld4Qwm0d5C5pXycs,ACH Discount Rate,singleLineText,,,,,,,,,,,,,fldDxYYNpfLMK4N5f,ACH Account No,multilineText,,,,,,,,,,,,,fldKO8TZyv5TsNkxU,ACH Info,multipleRecordLinks,,,,,,,,,,,,,,,,,,,,,,,,,,,,fldB8dyCFi4O1ugwK,Company,,,,,,,,,,,,,,,,,,,,,,,,,,,,,,,,,,,,,,,,,,,,,,,,,,,,,,,,,,,,,,,,,,,,,,,,,,,,,,,,,,,,,,,,,,,,,,,,,,,,,,,,,,,,,,,,,,,,,,,,,,,,,,,,,,,,,,,,,,,,,,,,,,,,,,,,,,,,,,,,,,,,,,,,,,,,,,,,,,,,,,,,,,,,,,,,,,,,,,,,,,,,,,,,,,,,,,,,,,,,,,,,,,,,,,,,,,,,,,,,,,,,,,,,,,,,,,,,,,,,,,viwgh22vPUUXssypV,Grid view,grid,,,,,,,,,,,,,,,,,,,,,,TRUE,"CONCATENATE(SUBSTITUTE({fldB8dyCFi4O1ugwK}, '""', ''), ' - ACH')",fldB8dyCFi4O1ugwK,,singleLineText,,,,,,,,,,,,,,,,,,,,,,,,,,,,,,,,,selRmDewTsHujoQsR,Paya: Clearent,blueLight2,sela1g95dRFixaf1Z,Paya: CoCard,cyanLight2,seliUEzxnk0nwLhr9,Check Commerce: TXP,yellowLight2,selrXF1ZFDpjRG8TM,Check Commerce: TSYS TransIT,tealLight2,selmahNYge09phLfu,Fiserv: Telecheck,greenLight2,2,$,1,tblPEGS3d1QsE0KY1,FALSE,FALSE,fld7IWh6u3MjkjLpx,,,,,,,,,,,,,,,,,,,,,,,,,,,,,,,,,,,,,,,,,,,,,,,,,,,,,,,,,,,,,,,,,,,,,,,,,,,,,,,,,,,,,,,,,,
tblGFwsZYcKHoW8yJ,CoCard Pay Center,fldaiZb8Hq78gFNTv,formula,fldaiZb8Hq78gFNTv,Name,currency,fldEv2IcTgcxifK3z,CCPC Monthly Fee,multilineText,fld6ZL2Fi7taP0m8l,Other CCPC Info,multipleRecordLinks,fldlOpYCgO1zWaaa2,Company,,,,,,,,,,,,,,,,,,,,,,,,,,,,,,,,,,,,,,,,,,,,,,,,,,,,,,,,,,,,,,,,,,,,,,,,,,,,,,,,,,,,,,,,,,,,,,,,,,,,,,,,,,,,,,,,,,,,,,,,,,,,,,,,,,,,,,,,,,,,,,,,,,,,,,,,,,,,,,,,,,,,,,,,,,,,,,,,,,,,,,,,,,,,,,,,,,,,,,,,,,,,,,,,,,,,,,,,,,,,,,,,,,,,,,,,,,,,,,,,,,,,,,,,,,,,,,,,,,,,,,,,,,,,,,,,,,,,,,,,,,,,,,,,,,,,,,,,,,,,,,,,,,,,,,,,,,,,,,,,,,viwucOsipJ9J6uAgr,Grid view,grid,,,,,,,,,,,,,,,,,,,,,,TRUE,"CONCATENATE(SUBSTITUTE({fldlOpYCgO1zWaaa2}, '""', ''), ' - CCPC')",fldlOpYCgO1zWaaa2,,singleLineText,,,,,,,,,,,,,,,,,,,,,,,,,,,,,,,,,,,,,,,,,,,,,,,,,,,,,,,2,$,tblPEGS3d1QsE0KY1,FALSE,FALSE,fldLIz7YFh4eGMJVT,,,,,,,,,,,,,,,,,,,,,,,,,,,,,,,,,,,,,,,,,,,,,,,,,,,,,,,,,,,,,,,,,,,,,,,,,,,,,,,,,,,,
tblFgFg7YoejZ5cK3,VT_Gateway,fld1EKFpeteQXmqfc,formula,fld1EKFpeteQXmqfc,Name,singleLineText,fldVZK8v1Ls5qKGjs,VT_Gateway Name,currency,fldjmki7hC138SzMM,VT_Gateway Monthly Fee,currency,fldbqzeNOrrU4U1dd,VT_Gateway Xaction Fee,multilineText,,,,,,,,,,,,,fldfydPy0G0REYzjZ,Other VT_Gateway Info,multipleRecordLinks,,,,,,,,,,,,,flddG6AdT6mSKaL6K,Company,,,,,,,,,,,,,,,,,,,,,,,,,,,,,,,,,,,,,,,,,,,,,,,,,,,,,,,,,,,,,,,,,,,,,,,,,,,,,,,,,,,,,,,,,,,,,,,,,,,,,,,,,,,,,,,,,,,,,,,,,,,,,,,,,,,,,,,,,,,,,,,,,,,,,,,,,,,,,,,,,,,,,,,,,,,,,,,,,,,,,,,,,,,,,,,,,,,,,,,,,,,,,,,,,,,,,,,,,,,,,,,,,,,,,,,,,,,,,,,,,,,,,,,,,,,,,,,,,,,,,,,,,,,,,,,,,,,,,,,,,,,,,,,,,,,,viwQBfRXReiMrZxfm,Grid view,grid,,,,,,,,,,,,,,,,,,,,,,TRUE,"CONCATENATE(SUBSTITUTE({flddG6AdT6mSKaL6K}, '""', ''), ' - VT_Gateway')",flddG6AdT6mSKaL6K,,singleLineText,,,,,,,,,,,,,,,,,,,,,,,,,,,,,,,,,,,,,,,,,,,,,,,,2,$,2,,,,,,,,,,,$,tblPEGS3d1QsE0KY1,FALSE,FALSE,fldzK7xnbpGQsVC2j,,,,,,,,,,,,,,,,,,,,,,,,,,,,,,,,,,,,,,,,,,,,,,,,,,,,,,,,,,,,,,,,,,,,,,,,,,,,,,,
tblcyqVcs7XnHyBwM,Pin Debit,fldMcDeVPWAggsBpu,formula,fldMcDeVPWAggsBpu,Name,currency,flddb1FsTBTLFrelz,Pin Debit Xaction Rate,multipleRecordLinks,fldxMXwdJDxj47sxD,Company,,,,,,,,,,,,,,,,,,,,,,,,,,,,,,,,,,,,,,,,,,,,,,,,,,,,,,,,,,,,,,,,,,,,,,,,,,,,,,,,,,,,,,,,,,,,,,,,,,,,,,,,,,,,,,,,,,,,,,,,,,,,,,,,,,,,,,,,,,,,,,,,,,,,,,,,,,,,,,,,,,,,,,,,,,,,,,,,,,,,,,,,,,,,,,,,,,,,,,,,,,,,,,,,,,,,,,,,,,,,,,,,,,,,,,,,,,,,,,,,,,,,,,,,,,,,,,,,,,,,,,,,,,,,,,,,,,,,,,,,,,,,,,,,,,,,,,,,,,,,,,,,,,,,,,,,,,,,,,,,,,,,,viwafBzy9uvhLtcBT,Grid view,grid,,,,,,,,,,,,,,,,,,,,,,TRUE,"CONCATENATE({fldxMXwdJDxj47sxD}, ' - Pin Debit')",fldxMXwdJDxj47sxD,,singleLineText,,,,,tblPEGS3d1QsE0KY1,FALSE,FALSE,fldIg6vqcvSxdMdFc,,,,,,,,,,,,,,,,,,,,,,,,,,,,,,,,,,,,,,,,,,,,,,,2,$,,,,,,,,,,,,,,,,,,,,,,,,,,,,,,,,,,,,,,,,,,,,,,,,,,,,,,,,,,,,,,,,,,,,,,,,,,,,,,,,,,,,,,,,
tblvNHF9z0b6Yr0NP,EBT,fldRHj2i6Kq3TeYPr,formula,fldRHj2i6Kq3TeYPr,Name,currency,fldwjylpbo0mrKZ3L,EBT Xaction Rate,singleLineText,fldfe2ZQdcppgXzZn,EBT FNS,multipleRecordLinks,fld5Ka70PSclcChJB,Company,,,,,,,,,,,,,,,,,,,,,,,,,,,,,,,,,,,,,,,,,,,,,,,,,,,,,,,,,,,,,,,,,,,,,,,,,,,,,,,,,,,,,,,,,,,,,,,,,,,,,,,,,,,,,,,,,,,,,,,,,,,,,,,,,,,,,,,,,,,,,,,,,,,,,,,,,,,,,,,,,,,,,,,,,,,,,,,,,,,,,,,,,,,,,,,,,,,,,,,,,,,,,,,,,,,,,,,,,,,,,,,,,,,,,,,,,,,,,,,,,,,,,,,,,,,,,,,,,,,,,,,,,,,,,,,,,,,,,,,,,,,,,,,,,,,,,,,,,,,,,,,,,,,,,,,,,,,,,,,,,,viw2YSvD9dKjGtn2Z,Grid view,grid,,,,,,,,,,,,,,,,,,,,,,TRUE,"CONCATENATE(SUBSTITUTE({fld5Ka70PSclcChJB}, '""', ''), ' - EBT')",fld5Ka70PSclcChJB,,singleLineText,,,,,,,,,,,,,,,,,,,,,,,,,,,,,,,,,,,,,,,,,,,,,,,,,,,,,,,2,$,tblPEGS3d1QsE0KY1,FALSE,FALSE,fldKFb58WElO1Dnv8,,,,,,,,,,,,,,,,,,,,,,,,,,,,,,,,,,,,,,,,,,,,,,,,,,,,,,,,,,,,,,,,,,,,,,,,,,,,,,,,,,,,
tblMT4UO5B5bmuAQJ,SwipeSimple,fld1zJ5X3nNE6oNWo,formula,fld1zJ5X3nNE6oNWo,Name,singleSelect,fld4KeXtrIRnE6YbZ,SwipeSimple Thru,currency,fldqTUrozq9F4ABt5,SwipeSimple Monthly Fee,number,fld4GL0CWjLEuMIzp,Additional Users,currency,,,,,,,,,,,,,fld6d38PMoPIcEP59,Cost Per Additional User,multilineText,,,,,,,,,,,,,fld1V6gjGmZotJdXs,Other SwipeSimple Info,multipleRecordLinks,,,,,,,,,,,,,,,,,,,,,,,,,,,,fldvh3Hjh7NBPXvMl,Company,,,,,,,,,,,,,,,,,,,,,,,,,,,,,,,,,,,,,,,,,,,,,,,,,,,,,,,,,,,,,,,,,,,,,,,,,,,,,,,,,,,,,,,,,,,,,,,,,,,,,,,,,,,,,,,,,,,,,,,,,,,,,,,,,,,,,,,,,,,,,,,,,,,,,,,,,,,,,,,,,,,,,,,,,,,,,,,,,,,,,,,,,,,,,,,,,,,,,,,,,,,,,,,,,,,,,,,,,,,,,,,,,,,,,,,,,,,,,,,,,,,,,,,,,,,,,,,,,,,,,,viwUoVylgJHtv56Wz,Grid view,grid,,,,,,,,,,,,,,,,,,,,,,TRUE,"CONCATENATE({fldvh3Hjh7NBPXvMl}, ' - SwipeSimple')
",fldvh3Hjh7NBPXvMl,,singleLineText,,,,,,,,,,,,,,,,,,,,,,,,,,,,,,,,,selSZnpN0NrukbIRE,CoCard / Revenu Mobile,blueLight2,selYbkHSApIGGSUV5,Clearent,cyanLight2,,,,,,,,,,2,$,0,tblPEGS3d1QsE0KY1,FALSE,FALSE,fldEFeOWHK9aD65PS,,,,,,,,,,,,2,$,,,,,,,,,,,,,,,,,,,,,,,,,,,,,,,,,,,,,,,,,,,,,,,,,,,,,,,,,,,,,,,,,,,,,,,,,,,,,
tblxZJUvRDKgLywUq,Tickets,fld0F5wRHSFO3HkMl,autoNumber,fld0F5wRHSFO3HkMl,Ticket ID,multipleRecordLinks,fldnOGvAKjysqcvwt,Company,multipleRecordLinks,fldlsMsvHy7Ox0Ok6,Contact,singleSelect,fld5actTxHND0ETkD,Ticket Type,singleSelect,selBb2WP3WwdnMZmH,Open,,selQOaxsehpiKMvMk,Waiting on Customer,,selqkyMqlvdAUj07R,Waiting on Others,,selxRrSDuJ5Ku4VfH,Waiting on Office,,fld3djwQzzRgsO2bA,Ticket Status,singleSelect,sel1cYzY8ijEPVGSI,Low,yellowLight2,sellMmz6wfUv7pPKS,Medium,orangeLight2,selTTj1Qs4rMo6y0O,High,redLight2,selKOmTUnQ9SqjLqs,Normal,blueLight2,fldwm0abmxlanWuEY,Ticket Priority,singleSelect,selN4htrfEc2fyRu5,Email,,seleAaiGwF29DTwVV,Phone,,selALRmyxx1mgTSve,Text,,selQCkTgKDnry4ahe,Other,,,,,,,,,,,,,,,,,fldKquNzh3hQwQAps,Channel,singleLineText,,,,,,,,,,fldIsJTQjAYN7ajXl,Subject,date,,,fldyDnxmdJUwDEtr1,Ticket Due Date,date,,,,,,,,,,,,,,,,,,,,,,fld76SUcpLTHEiu83,Ticket Planned Date,multilineText,fldLSZwPikCVGMTGR,Ticket Description,singleSelect,,,fldWQ8jMZMZNVk3jq,Task Mode,checkbox,fldbKk0OyeF1fq3bv,Recurring,number,,,flduhmYB4jF2CZI61,Recurring Interval,singleSelect,selB72nOSVNlnYzo7,Day,,sel5eB0nIkREj20Rq,Week,,selh2BAVv2AIVIgBx,Month,,seltkYx9JzEjHKt2S,Year,,fldLHVs5Vo0PCPICK,Recurring Frequency,singleSelect,,fldwjELZJfJst5mEJ,Recurring Schedule,date,,,fldFduNsWJtwwHwq7,Recurring End,createdTime,,,fldn0NIHSga9I1dd6,Ticket Created,lastModifiedTime,,,fld0V8axhiLl1occX,Ticket Updated,dateTime,,fldqLPuic5m4RcanL,Ticket Closed Date,multipleAttachments,,fldDClcpnyspH2IJC,Attachments,multipleRecordLinks,,fldzfbSOdOxx6bMIk,Ticket Tasks,multipleRecordLinks,,fldMrv5gUTSEmWKYy,FM Seasons,singleLineText,fldTxFgVq2DvZhH6A,Next Task,,,,,,,,,,,,,,,,,,,,,,,,,,,,,,,,,,,,,,,,,,,,,,,,,,,,,,,,,,,,,,,,,,,,,,,,,,,,,,,,,,,,,,,,,,,,,,,,,,,,,,,,,,,,,,,,,,,,,,,,,,,,,,,,,,,,,,,,,,,,,,,,,,,,,,,,viwmYcrdyLsAhQmv6,Grid view,grid,,,,,,,,,,,,,,,,,,,,,,,,,,,tblPEGS3d1QsE0KY1,FALSE,FALSE,fldrnYB7B08XOJOSn,tblR80p5dAGRBx68K,FALSE,FALSE,fldvl7xN46YrgnO0D,,,,,,,,,,,,,selXqOIV4F2xZT36u,On Hold,,selVlqVLaOVMGK1PF,Closed,,,,,,,,,,,,,,,,,,,,,,,,,,,,,,,,,,,,,,,,,,,sel1ipffcQ7NPsBIR,Question,selyyCKH6QOioOFyj,Problem,sel6TCoLmq4nkODnf,Other,selbEyscVi1qXv7Bd,FM Season,local,l,local,l,selgp89xoCHbJ26cc,Sequential,seliULzg0pR45cupE,Parallel,check,greenBright,0,sel7kUM67juVtcrqu,Regularly,sel1m5P29vfRY5ceo,From Completion,local,l,dateTime,local,l,12hour,h:mma,client,TRUE,dateTime,local,l,12hour,h:mma,client,local,l,12hour,h:mma,client,FALSE,tbl40uFmR8J8rM75z,FALSE,FALSE,fldS9lPWMkcf5Hr9r,tblbfy2peOy17gYvx,FALSE,FALSE,fldIXY5M7Is6t6lJG,,,,,,,,,,,,,,,,,,,,,,,,,
tbl40uFmR8J8rM75z,Ticket Tasks,fldjlkXc7EWfZM9IV,autoNumber,fldjlkXc7EWfZM9IV,Task ID,singleLineText,fldZKDhv2MogYM6xV,Task,multipleRecordLinks,fldS9lPWMkcf5Hr9r,Tickets,number,fldLPrjNWGqkCp9dm,Order,singleSelect,selJKu4USt4UCAKkl,To Do,blueLight2,sel6FarLEGj7E20yr,In Progress,cyanLight2,sel2r2lAKsxo8Y4Mi,Waiting on Customer,tealLight2,selhkdIuzIQkTHUEl,Waiting on Others,greenLight2,fldfTkbMH4xh9AfEb,Task Status,date,,,,,,,,,,,,,fldQatx2uh8rjXt14,Task Planned Date,date,,,,,,,,,,,,,,,,,,,,,,,,,,,,fld1mEb0v51FvnIzj,Task Due Date,multilineText,,,,,,,,,,fldgvcTe3mHQUIDk2,Task Notes,,,,,,,,,,,,,,,,,,,,,,,,,,,,,,,,,,,,,,,,,,,,,,,,,,,,,,,,,,,,,,,,,,,,,,,,,,,,,,,,,,,,,,,,,,,,,,,,,,,,,,,,,,,,,,,,,,,,,,,,,,,,,,,,,,,,,,,,,,,,,,,,,,,,,,,,,,,,,,,,,,,,,,,,,,,,,,,,,,,,,,,,,,,,,,,,,,,,,,,,,,,,,,,,,,,,,,,,,,,,,,,,,,,,,,,,,,,,,,,,,,,,,,,,,,viwH556fZsPENEWS7,Grid view,grid,,,,,,,,,,,,,,,,,,,,,,,,,,,,,,,tblxZJUvRDKgLywUq,FALSE,FALSE,fldzfbSOdOxx6bMIk,,,,,,,,,,,,,selA8FPIlooOY2lKm,Waiting on Office,yellowLight2,selomlZIngX6a3fZv,Completed,orangeLight2,,,,,,,,,,,,,,,,,,,,,,,,0,,,,,,,,,,,,,,,,,,,,,,,,,,,,,,,,,,,,,,,,,,,,,,,,,,,,,,,,,,,,,,,,,,,,,,selqR3n7ribi1RXuM,Not Started,blueLight2,local,l,local,l,,,,,,,,,,,,,,,,,,
tblbfy2peOy17gYvx,FM Seasons,fldQqv7yzwOpMJwNn,formula,fldQqv7yzwOpMJwNn,Season Name,multipleRecordLinks,fldnbXmhWFg5sebDU,Company,multipleRecordLinks,fldK1yFoKlQ9w5QKV,Contact,number,fldTMopS2jOnOH8Kc,Season Year,checkbox,,,,,,,,,,,,,fldRuSa2TGm5Y1a3k,Year Round,date,,,,,,,,,,,,,fldepLqOvu4IyT7UH,Market Start Date,date,,,,,,,,,,,,,,,,,,,,,,,,,,,,fldSqjWpIc6m4rogG,Market End Date,formula,,,,,,,,,,fldu3xhxT18LU5Z2R,Days Open,date,,,fldDk78kjeoY69JsV,Bill From,date,,,,,,,,,,,,,,,,,,,,,,fldgiuotkdVGsmCg8,Bill Through,formula,fldfjQmIxczyhoarP,Billing Months,singleLineText,,,fldulQr5VhrDH92qh,QB Invoice #,checkbox,fldd3bggVDTLEe5eQ,QB Invoice Created,multilineText,,,fldTqlFh96t3AuBF3,Notes,multipleRecordLinks,,,,,,,,,,,,,fldIXY5M7Is6t6lJG,Tickets,,,,,,,,,,,,,,,,,,,,,,,,,,,,,,,,,,,,,,,,,,,,,,,,,,,,,,,,,,,,,,,,,,,,,,,,,,,,,,,,,,,,,,,,,,,,,,,,,,,,,,,,,,,,,,,,,,,,,,,,,,,,,,,,,,,,,,,,,,,,,,,,,,,,,,,,,,,,,,,,,,,,,,,,,,,,,,,,,,,,,,,,,,,,,,viwd3PoftMFRwy2vp,Grid view,grid,,,,,,,,,,,,,,,,,,,,,,TRUE,"CONCATENATE(SUBSTITUTE({fldnbXmhWFg5sebDU}, '""', ''), "" – "", IF({fldRuSa2TGm5Y1a3k}, ""Year Round"", {fldTMopS2jOnOH8Kc}))",fldnbXmhWFg5sebDU,fldRuSa2TGm5Y1a3k,singleLineText,tblPEGS3d1QsE0KY1,FALSE,FALSE,fldZpsTwbWX9yFIL9,tblR80p5dAGRBx68K,FALSE,TRUE,fldRmZ1MUq9EYqxcN,,,,,,,,,,,,,,,,,,,,,,,,,,,,,,,,,,,,,,,,,,0,,,,,,,,,,,,,,,,,,,,,,,,,,local,l,local,l,,,,,check,greenBright,,,,,,,,,,,,,,,,,,,,,,,,,,,,,,,,,,,,,,local,l,local,l,fldTMopS2jOnOH8Kc,check,greenBright,TRUE,"IF(AND({fldepLqOvu4IyT7UH},{fldSqjWpIc6m4rogG}), DATETIME_DIFF({fldSqjWpIc6m4rogG},{fldepLqOvu4IyT7UH},'days')+1, BLANK())",fldepLqOvu4IyT7UH,fldSqjWpIc6m4rogG,number,0,TRUE,"IF(AND({fldDk78kjeoY69JsV},{fldgiuotkdVGsmCg8}), DATETIME_DIFF({fldgiuotkdVGsmCg8},{fldDk78kjeoY69JsV},'months')+1, """")",fldDk78kjeoY69JsV,fldgiuotkdVGsmCg8,singleLineText,tblxZJUvRDKgLywUq,FALSE,FALSE,fldMrv5gUTSEmWKYy
tblbQFNdkjOsg3BSg,Merchant Application,fldz6qm99eruHRBPO,autoNumber,fldz6qm99eruHRBPO,Id,singleLineText,fldgeKLRQ9NhGNQws,Question,singleLineText,fldBTMEpIT4DwCGcy,Legal Name,singleLineText,fldXm6LLopx6GX0Ng,Legal Name of Business,singleLineText,,,,,,,,,,,,,fldF6DK1h8BSZBj3o,Legal Street Address,singleLineText,,,,,,,,,,,,,fldsElxH1nVRNtKoR,Legal City,singleLineText,,,,,,,,,,,,,,,,,,,,,,,,,,,,fld0r29dbqXts9799,Legal State,singleLineText,,,,,,,,,,fldCjW4qULhqan9af,Label,singleLineText,,,fldle71WMD62XW4pg,DBA Name,singleLineText,,,,,,,,,,,,,,,,,,,,,,fldTbOQCKww9j5DHP,DBA Street Address,singleLineText,fldEYrAUgc59skNPK,DBA City,singleLineText,,,fldIJ2HfjhjKLJscc,DBA State,singleLineText,fldHoofbwoSza3DiM,DBA Zip Code,phoneNumber,,,fldfYOIRY82JpoGjP,DBA Phone,,,,,,,,,,,,,,,,,,,,,,,,,,,,,,,,,,,,,,,,,,,,,,,,,,,,,,,,,,,,,,,,,,,,,,,,,,,,,,,,,,,,,,,,,,,,,,,,,,,,,,,,,,,,,,,,,,,,,,,,,,,,,,,,,,,,,,,,,,,,,,,,,,,,,,,,,,,,,,,,,,,,,,,,,,,,,,,,,,,,,,,,,,,,,,,,,,,,,,,,,,,,,viw4FzjCvYqVMjttg,Grid view,grid,,,,,,,,,,,,,,,,,,,,,,,,,,,,,,,,,,,,,,,,,,,,,,,,,,,,,,,,,,,,,,,,,,,,,,,,,,,,,,,,,,,,,,,,,,,,,,,,,,,,,,,,,,,,,,,,,,,,,,,,,,,,,,,,,,,,,,,,,,,,,,,,,,,,,,,,,,,,,,,,,,,,,,,,,,